{
  "readout": {
    "p_obs_1_given_0": 0.00341796875,
    "p_obs_1_given_1": 0.99462890625,
    "readout_denom": 0.9912109375,
    "readout_usable": 1.0
  },
  "calibration_status": "ok",
  "fit_points": 13,
  "t_eff_zero_intercept": 23.853555317524783,
  "t_eff_free_intercept": 23.475574228771208,
  "contrast_prefactor": 1.0224679117351054,
  "free_intercept_slope": -0.04259746706320902,
  "k_visible": 25
}
