{
  "theta_star": [
    -0.0019887853647101534,
    1.795913943856351,
    1.613780736113365,
    1.5939077661565355,
    -3.150832343401552,
    -1.1784396239360313
  ],
  "theta_last": [
    -0.13538043093073487,
    1.6860977563267283,
    1.5049692428611885,
    1.4450383678823666,
    -2.953330247296235,
    -1.143840145953328
  ],
  "theta_init": [
    0.030471707975443137,
    -0.10399841062404956,
    0.07504511958064573,
    0.0940564716391214,
    -0.19510351886538366,
    -0.13021795068623182
  ],
  "cost_history": [
    0.7938549952198746,
    0.41788269593828953,
    0.23109489930041438,
    0.0008467234938082451,
    0.00013550635314995513,
    8.966151153924138e-05,
    5.498318043952742e-05,
    5.073474634989121e-05,
    4.426759561643727e-05,
    4.0061364293634966e-05,
    3.8515090726621704e-05,
    3.810257325571625e-05,
    3.76604301481061e-05,
    3.606566520153539e-05,
    3.606566520153539e-05,
    3.52755438342948e-05,
    3.4441569469152624e-05,
    3.4056439452172535e-05,
    3.340798635796663e-05,
    3.340962264811306e-05,
    3.3408804271321806e-05,
    3.331704232242347e-05,
    3.307638184653459e-05,
    3.277395367309577e-05,
    3.276032928457353e-05,
    3.276032928457353e-05,
    3.267175010903703e-05,
    3.2672550111310815e-05,
    3.267175010903703e-05,
    3.276120113861395e-05,
    3.2672550111310815e-05,
    3.2462880846977676e-05,
    3.194790127352494e-05,
    3.194790127352494e-05,
    3.2038566465496655e-05,
    3.194790127352494e-05,
    3.194790127352494e-05,
    3.194790127352494e-05,
    3.194790127352494e-05,
    3.194790127352494e-05,
    3.194790127352494e-05,
    3.194790127352494e-05,
    3.194790127352494e-05,
    3.194790127352494e-05,
    3.194790127352494e-05,
    3.194790127352494e-05,
    3.194790127352494e-05,
    3.194790127352494e-05,
    3.194790127352494e-05,
    3.194790127352494e-05,
    3.194790127352494e-05,
    3.194790127352494e-05,
    3.194790127352494e-05,
    3.194790127352494e-05,
    3.194790127352494e-05,
    3.194790127352494e-05,
    3.194790127352494e-05,
    3.194790127352494e-05,
    3.194790127352494e-05,
    3.194790127352494e-05,
    3.194790127352494e-05,
    3.194790127352494e-05,
    3.194790127352494e-05,
    3.194790127352494e-05,
    3.194790127352494e-05,
    3.194790127352494e-05,
    3.194790127352494e-05,
    3.194790127352494e-05,
    3.194790127352494e-05,
    3.194790127352494e-05
  ],
  "best_so_far": [
    0.7938549952198746,
    0.41788269593828953,
    0.23109489930041438,
    0.0008467234938082451,
    0.00013550635314995513,
    8.966151153924138e-05,
    5.498318043952742e-05,
    5.073474634989121e-05,
    4.426759561643727e-05,
    4.0061364293634966e-05,
    3.8515090726621704e-05,
    3.810257325571625e-05,
    3.76604301481061e-05,
    3.606566520153539e-05,
    3.606566520153539e-05,
    3.52755438342948e-05,
    3.4441569469152624e-05,
    3.4056439452172535e-05,
    3.340798635796663e-05,
    3.340798635796663e-05,
    3.340798635796663e-05,
    3.331704232242347e-05,
    3.307638184653459e-05,
    3.277395367309577e-05,
    3.276032928457353e-05,
    3.276032928457353e-05,
    3.267175010903703e-05,
    3.267175010903703e-05,
    3.267175010903703e-05,
    3.267175010903703e-05,
    3.267175010903703e-05,
    3.2462880846977676e-05,
    3.194790127352494e-05,
    3.194790127352494e-05,
    3.194790127352494e-05,
    3.194790127352494e-05,
    3.194790127352494e-05,
    3.194790127352494e-05,
    3.194790127352494e-05,
    3.194790127352494e-05,
    3.194790127352494e-05,
    3.194790127352494e-05,
    3.194790127352494e-05,
    3.194790127352494e-05,
    3.194790127352494e-05,
    3.194790127352494e-05,
    3.194790127352494e-05,
    3.194790127352494e-05,
    3.194790127352494e-05,
    3.194790127352494e-05,
    3.194790127352494e-05,
    3.194790127352494e-05,
    3.194790127352494e-05,
    3.194790127352494e-05,
    3.194790127352494e-05,
    3.194790127352494e-05,
    3.194790127352494e-05,
    3.194790127352494e-05,
    3.194790127352494e-05,
    3.194790127352494e-05,
    3.194790127352494e-05,
    3.194790127352494e-05,
    3.194790127352494e-05,
    3.194790127352494e-05,
    3.194790127352494e-05,
    3.194790127352494e-05,
    3.194790127352494e-05,
    3.194790127352494e-05,
    3.194790127352494e-05,
    3.194790127352494e-05
  ],
  "best_idx": [
    0,
    1,
    2,
    3,
    4,
    5,
    6,
    7,
    8,
    9,
    10,
    11,
    12,
    13,
    15,
    16,
    17,
    18,
    21,
    22,
    23,
    24,
    26,
    31,
    32
  ],
  "f_target": [
    1.0,
    0.9974687984347841,
    0.9947692121491927,
    0.9919915535433169
  ],
  "f_init_shots": [
    0.015803452855245682,
    0.014425622022233986,
    0.015140495867768595,
    0.014282799428688023
  ],
  "f_last_shots": [
    0.9777482563932248,
    0.9759211483760005,
    0.9762504975454425,
    0.981632099769554
  ],
  "f_star_shots": [
    0.9911087519076371,
    0.9912588570293358,
    0.9915916313559322,
    0.9917142080956262
  ],
  "f_statevector_under_noise": [
    0.9884615384615385,
    0.9879406307977736,
    0.9894429320762234,
    0.9832735152705356
  ],
  "baseline_l2_statevector_under_noise": 8.207388098372957e-05,
  "elapsed_time": 446.1979093999835,
  "best_cost": 3.194790127352494e-05,
  "final_cost": 0.00035242559741583427,
  "C_p": 0.9975283755255839,
  "n_iters": 70,
  "shots": 60000,
  "resamplings": 3,
  "theta_seed": 42,
  "shot_seed": 355,
  "transpile_optimization_level": 3,
  "seed_transpiler": 1234,
  "backend_name": "ibm_basquecountry",
  "requested_topology": "crca2",
  "effective_topology": "crca2",
  "chosen_layout": [
    97,
    108,
    107
  ],
  "layout_score": 21.619859993598382,
  "fallback_used": false,
  "tried_layout_search": [],
  "transpiled_ansatz_depth": 6,
  "transpiled_ansatz_size": 6,
  "transpiled_ansatz_ops": {
    "rx": 2,
    "rz": 2,
    "rzz": 2
  },
  "transpiled_eval_depth": 7,
  "transpiled_eval_size": 12,
  "transpiled_eval_ops": {
    "rz": 6,
    "sx": 2,
    "rx": 2,
    "rzz": 2
  },
  "transpiled_eval_meas_depth": 7,
  "transpiled_eval_meas_size": 14,
  "transpiled_eval_meas_ops": {
    "rz": 5,
    "measure": 3,
    "sx": 2,
    "rx": 2,
    "rzz": 2
  },
  "noise_snapshot_iso_utc": "2026-04-07T12:10:00+00:00",
  "backend_props_last_update": "2026-04-07 12:42:52+02:00",
  "simulator_seed": 20260407,
  "simulator_method": "density_matrix",
  "noise_basis_gates": [
    "cz",
    "id",
    "measure",
    "reset",
    "rx",
    "rz",
    "rzz",
    "sx",
    "x"
  ],
  "used_noise_fallback": false,
  "snapshot_t1_chosen_layout": [
    0.00023476707813052246,
    0.00020054150269114648,
    0.00020205568243025096
  ],
  "snapshot_t2_chosen_layout": [
    0.00034986863484455353,
    0.0001523382144461137,
    0.000281748890107067
  ],
  "snapshot_readout_error_chosen_layout": [
    0.0101318359375,
    0.0074462890625,
    0.0030517578125
  ],
  "statevector_training_path": "C:\\Users\\guilb\\Desktop\\Quantum-CVA\\data\\multi_asset\\6q_instance\\quantum\\training\\crca\\discount_factors\\training_crca2.npz",
  "metadata": {
    "model": "CRCA",
    "task": "discount_factor",
    "ansatz_type": "native_tree",
    "native_1q_order": [
      "rx",
      "rz"
    ],
    "m_time": 2,
    "n_price": 0,
    "n_controls": 2,
    "n_layers": 1,
    "n_parameters": 6,
    "optimizer": "SPSA",
    "optimizer_library": "qiskit-algorithms",
    "maxiter": 70,
    "resamplings": 3,
    "second_order": true,
    "blocking": true,
    "trust_region": true,
    "cost_function": "L2",
    "shots": 60000,
    "stochastic_cost": true,
    "shot_seed": 355,
    "best_iter_cost_observed": 3.194790127352494e-05,
    "final_l2_cost": 0.00035242559741583427,
    "stopping_criterion": "maxiter",
    "backend_name": "ibm_basquecountry",
    "requested_topology": "crca2",
    "effective_topology": "crca2",
    "layout_score": 21.619859993598382,
    "fallback_used": false,
    "tried_layout_search": [],