{
  "final_statevector_cva": {
    "cva_classical_reference": 0.3115299579858748,
    "cva_statevector": 0.4802148666622998,
    "default_l2_statevector": 0.0004554739067278678,
    "default_n_params": 6,
    "discount_l2_statevector": 0.009859537587022932,
    "discount_n_params": 6,
    "exposure_l2_statevector": 0.5769436728356578,
    "exposure_n_params": 40,
    "p111_statevector": 0.1338316620794064,
    "qcbm_kl_statevector": 0.1130642781112419,
    "qcbm_n_params": 51,
    "relative_error_statevector_pct": 54.14725112378226,
    "stage_elapsed_s": 0.4716617001686245
  }
}