{
  "final_statevector_cva": {
    "cva_classical_reference": 0.3115299579858748,
    "cva_statevector": 0.47677533304465747,
    "default_l2_statevector": 0.0004554739067278678,
    "default_n_params": 6,
    "discount_l2_statevector": 0.009859537587022932,
    "discount_n_params": 6,
    "exposure_l2_statevector": 0.6587883883084376,
    "exposure_n_params": 40,
    "p111_statevector": 0.1328730942948926,
    "qcbm_kl_statevector": 0.1130642781112419,
    "qcbm_n_params": 51,
    "relative_error_statevector_pct": 53.04317315969822,
    "stage_elapsed_s": 0.4712241000015638
  }
}