algorithm,algorithm_key,mean_final_normalized_abs_error,mean_final_queries,median_final_normalized_abs_error,median_final_queries,n
BIQAE,biqae,0.37996820154279914,3686.4,0.38625550286775434,3456.0,175
CABIQAE,cabiqae_latentt,0.12209244783909093,15417.782857142856,0.09732972445116862,12800.0,175
Classical MC,classical_mc,0.10175975957895686,262144.0,0.07363372696794357,262144.0,175
