,.SSMI bin 0,.SSMI bin 1,.SSMI bin 2,.SSMI bin 3
.STOXX50E bin 0,0.0026805361072214443,0.007671534306861372,9.001800360072015e-05,0.0
.STOXX50E bin 1,0.007931586317263453,0.36387277455491096,0.13569213842768554,0.00046009201840368076
.STOXX50E bin 2,6.00120024004801e-05,0.12094418883776756,0.3189087817563513,0.016528305661132225
.STOXX50E bin 3,0.0,0.0004900980196039208,0.01702340468093619,0.007646529305861172
