{
  "readout": {
    "p_obs_1_given_0": 0.0006103515625,
    "p_obs_1_given_1": 0.9986572265625,
    "readout_denom": 0.998046875,
    "readout_usable": 1.0
  },
  "calibration_status": "ok",
  "fit_points": 24,
  "t_eff_zero_intercept": 38.696209352984965,
  "t_eff_free_intercept": 33.95611070080546,
  "contrast_prefactor": 1.1603033548425015,
  "free_intercept_slope": -0.02944978030055366,
  "k_visible": 40
}
