{
  "t": [
    0.125,
    0.25,
    0.375,
    0.5
  ],
  "p_t": [
    0.9975283755255839,
    0.9950034301401063,
    0.9923105162180491,
    0.9895397229411652
  ],
  "q_t": [
    0.00019708755276215406,
    0.00019704870925862927,
    0.00019700987341075837,
    0.00019697104521698705
  ],
  "edges_list": [
    [
      3364.9469405849213,
      4532.042558151312,
      5699.138175717703,
      6866.233793284095,
      8033.329410850485
    ],
    [
      7904.78964230924,
      9895.163326361613,
      11885.537010413986,
      13875.910694466358,
      15866.284378518732
    ],
    [
      9461.526399806504,
      11806.157831976478,
      14150.789264146453,
      16495.420696316425,
      18840.0521284864
    ]
  ],
  "rep_list": [
    [
      3364.9469405849213,
      4532.042558151312,
      5699.138175717703,
      6866.233793284095
    ],
    [
      7904.78964230924,
      9895.163326361613,
      11885.537010413986,
      13875.910694466358
    ],
    [
      9461.526399806504,
      11806.157831976478,
      14150.789264146453,
      16495.420696316425
    ]
  ],
  "n_bins": [
    4,
    4,
    4
  ],
  "N_joint": 64,
  "P_joint_t": [
    [
      3e-05,
      0.00011,
      0.0,
      0.0,
      8.5e-05,
      0.000515,
      0.0,
      0.0,
      0.0,
      0.0,
      0.0,
      0.0,
      0.0,
      0.0,
      0.0,
      0.0,
      8e-05,
      0.000595,
      0.0,
      0.0,
      0.00068,
      0.311785,
      0.082485,
      0.0,
      0.0,
      0.050895,
      0.054255,
      1.5e-05,
      0.0,
      0.0,
      5e-06,
      0.0,
      0.0,
      0.0,
      0.0,
      0.0,
      0.0,
      0.05453,
      0.061235,
      3.5e-05,
      0.0,
      0.06918,
      0.30326,
      0.003335,
      0.0,
      1.5e-05,
      0.001925,
      0.000435,
      0.0,
      0.0,
      0.0,
      0.0,
      0.0,
      0.0,
      0.0,
      0.0,
      0.0,
      1.5e-05,
      0.002795,
      0.00059,
      0.0,
      0.0,
      0.00074,
      0.000375
    ],
    [
      0.0017058017268116014,
      0.0025111802547197184,
      5.0023511050193595e-06,
      0.0,
      0.0012705971806749171,
      0.004977339349494262,
      7.503526657529038e-05,
      0.0,
      0.0,
      5.0023511050193595e-06,
      0.0,
      0.0,
      0.0,
      0.0,
      0.0,
      0.0,
      0.0014406771182455755,
      0.006883235120506638,
      0.0001100517243104259,
      0.0,
      0.007183376186807799,
      0.2971296509359399,
      0.08092303382589817,
      0.00014006583094054205,
      5.002351105019359e-05,
      0.054760737546646926,
      0.053950356667633786,
      0.0004151951417166068,
      0.0,
      3.0014106630116155e-05,
      5.002351105019359e-05,
      1.0004702210038719e-05,
      0.0,
      1.5007053315058078e-05,
      5.0023511050193595e-06,
      0.0,
      8.003761768030975e-05,
      0.054115434254099426,
      0.05730693425910178,
      0.0004151951417166068,
      5.0023511050193595e-06,
      0.0714986043440417,
      0.24952727782057568,
      0.013741458485488179,
      0.0,
      0.0004752233549768391,
      0.010559963182695867,
      0.0028763518853861317,
      0.0,
      0.0,
      0.0,
      0.0,
      0.0,
      0.0,
      0.0001100517243104259,
      1.0004702210038719e-05,
      0.0,
      0.00034015987514131644,
      0.0117055015857453,
      0.0036116974978239774,
      0.0,
      4.0018808840154876e-05,
      0.005352515682370714,
      0.004582153612197733
    ],
    [
      0.006382146046782336,
      0.00644235497175198,
      6.020892496964467e-05,
      0.0,
      0.004044032793794468,
      0.012709100579009163,
      0.00047665398934302033,
      0.0,
      5.017410414137056e-06,
      0.00011038302911101524,
      2.0069641656548225e-05,
      0.0,
      0.0,
      0.0,
      0.0,
      0.0,
      0.003943684585511726,
      0.013536973297341777,
      0.0005920544288681727,
      0.0,
      0.016527349904167463,
      0.2685619098271001,
      0.07764442615877094,
      0.0006321937121812691,
      0.0004716365789288833,
      0.05582872567810303,
      0.053134376285711424,
      0.001249335193120127,
      0.0,
      0.00014550490200997463,
      0.0003261316769189087,
      2.508705207068528e-05,
      0.0,
      9.031338745446702e-05,
      3.0104462484822335e-05,
      0.0,
      0.00033616649774718276,
      0.053616047685468585,
      0.053154445927367976,
      0.0014048749159583757,
      0.00013045267076756346,
      0.07020862392501984,
      0.20320010436213665,
      0.021298907208011805,
      0.0,
      0.0014901708929987057,
      0.016597593649965384,
      0.006061031780277564,
      0.0,
      0.0,
      0.0,
      0.0,
      0.0,
      0.00011540043952515229,
      0.0005770021976257615,
      4.013928331309645e-05,
      0.0,
      0.0014751186617562946,
      0.01924678634862975,
      0.007636498650316599,
      0.0,
      0.0003010446248482234,
      0.010481370355132311,
      0.009638445405557286
    ],
    [
      0.013265950726468731,
      0.01164371446620341,
      0.0002324699936828806,
      0.0,
      0.007550221099178775,
      0.018334807327858495,
      0.001273531269740998,
      5.0536955148452305e-06,
      3.5375868603916616e-05,
      0.00034365129500947566,
      7.075173720783323e-05,
      0.0,
      0.0,
      0.0,
      0.0,
      0.0,
      0.007287428932406822,
      0.02110928616550853,
      0.0015868603916614024,
      0.0,
      0.02483891345546431,
      0.23613897662665825,
      0.07424889450410613,
      0.0012229943145925458,
      0.001379658875552748,
      0.057142135186355025,
      0.05064308275426405,
      0.0025369551484523056,
      5.0536955148452305e-06,
      0.0004649399873657612,
      0.0010865445356917245,
      0.00017687934301958307,
      3.0322173089071385e-05,
      0.0004144030322173089,
      0.00012128869235628554,
      5.0536955148452305e-06,
      0.0011471888818698674,
      0.05148704990524321,
      0.050830069488313326,
      0.002890713834491472,
      0.00037397346809854706,
      0.0668502842703727,
      0.16553379658875553,
      0.026552116234996842,
      0.0,
      0.003289955780164245,
      0.022574857864813645,
      0.008838913455464309,
      0.0,
      0.0,
      0.0,
      0.0,
      0.0,
      0.0003689197725837018,
      0.0009955780164245104,
      0.00018698673404927353,
      2.0214782059380922e-05,
      0.003042324699936829,
      0.022701200252684777,
      0.009940619077700568,
      0.0,
      0.0007479469361970941,
      0.014564750473783954,
      0.013867340492735313
    ]
  ],