algorithm,algorithm_key,mean_final_normalized_abs_error,mean_final_queries,median_final_normalized_abs_error,median_final_queries,n
CABIQAE,cabiqae_latentt,0.0032120580265783396,53716.36666666667,0.00022692141563444276,53985.0,300
BIQAE,biqae,0.0005707390920747818,54489.7,0.0002416218972115226,55040.0,300
IQAE,iqae,0.00040950522761583666,55042.566666666666,0.0002276801336842138,54800.0,300
BAE,bae,0.00030912666864477866,46244.066666666666,0.00024613720170306615,44785.0,300
