algorithm,algorithm_key,mean_final_normalized_abs_error,mean_runtime_seconds,median_final_normalized_abs_error,median_runtime_seconds,n
CABIQAE,cabiqae_latentt,0.0032120580265783396,0.0022613447507046015,0.00022692141563444276,0.002200618889078047,300
BIQAE,biqae,0.0005707390920747818,0.008973780849480906,0.0002416218972115226,0.008978131688383812,300
IQAE,iqae,0.00040950522761583666,0.0005630677814348594,0.0002276801336842138,0.0005574367365798812,300
BAE,bae,0.00030912666864477866,0.6412265066752902,0.00024613720170306615,0.6267703580973705,300
