{
  "theta_star": [
    -0.5237271732059128,
    -0.9191951932020724,
    1.16703805526247,
    1.4725871167331928,
    -0.6128122700905476,
    -0.8131178977837418,
    0.9879478437560806,
    1.1873293603264738,
    0.07093851474963826,
    -1.4666920780233856,
    1.158694574193548,
    0.4856907765876515,
    0.9063475757946698,
    0.8365028217419768,
    0.011164258335291975,
    -1.0565061647409824,
    2.040711405358574,
    -0.4761788663234773
  ],
  "theta_last": [
    -0.5237271732059128,
    -0.9191951932020724,
    1.16703805526247,
    1.4725871167331928,
    -0.6128122700905476,
    -0.8131178977837418,
    0.9879478437560806,
    1.1873293603264738,
    0.07093851474963826,
    -1.4666920780233856,
    1.158694574193548,
    0.4856907765876515,
    0.9063475757946698,
    0.8365028217419768,
    0.011164258335291975,
    -1.0565061647409824,
    2.040711405358574,
    -0.4761788663234773
  ],
  "theta_init": [
    0.15235853987721568,
    -0.5199920531202478,
    0.3752255979032286,
    0.47028235819560693,
    -0.9755175943269182,
    -0.651089753431159,
    0.06392020158364269,
    -0.1581212961717911,
    -0.008400578752144398,
    -0.42652196378679,
    0.4396989874314143,
    0.38889596771447416,
    0.03301534878060802,
    0.5636206034840164,
    0.2337546711260228,
    -0.4296462314416191,
    0.18437539204124942,
    -0.47944130041449945
  ],
  "cost_history": [
    0.1496600141479783,
    0.03519987170293767,
    0.03519987170293767,
    0.03519987170293767,
    0.03519987170293767,
    0.028879114851052483,
    0.0288516736389596,
    0.0288516736389596,
    0.028791499368806803,
    0.028791499368806803,
    0.02879076807518499,
    0.028790768075184985,
    0.028790768075184985,
    0.028790768075184985,
    0.028790768075184985,
    0.028790768075184985,
    0.028780465861316665,
    0.028780465861316665,
    0.028769396721277485,
    0.028749718547591407,
    0.028741431209632066,
    0.028741431209632066,
    0.028741277116362887,
    0.028738556313150206,
    0.028705399531313583,
    0.02870539411745817,
    0.02867584504513708,
    0.028673281388441066,
    0.028673281388441062,
    0.02865705234152591,
    0.028655675981265862,
    0.028655675981265862,
    0.02862881684741842,
    0.02862881684741842,
    0.028592099586631586,
    0.028556319943349964,
    0.028556319943349964,
    0.02851887306621578,
    0.02851881373523573,
    0.028508280756384653,
    0.028494495867175822,
    0.028480528814427402,
    0.02843812735416809,
    0.028304892349517538,
    0.02808943461031379,
    0.027751793716861328,
    0.02730132480983198,
    0.026800838349239076,
    0.026800838349239076,
    0.026628294663072982,
    0.02659811664061685,
    0.02659811664061685,
    0.026546348711913484,
    0.02654193439024001,
    0.026379162633514957,
    0.02623002391125941,
    0.02623002391125941,
    0.026148745004735574,
    0.026080741148983597,
    0.025885596128476088,
    0.025403129159841754,
    0.025123010068834176,
    0.02509899062404076,
    0.024988870037588828,
    0.02487806032506692,
    0.02487806032506692,
    0.02456021378573891,
    0.024352438421026554,
    0.02385768271858999,
    0.02352571000893209,
    0.023307400617961046,
    0.022909661622113178,
    0.022717672588734306,
    0.022383618259142646,
    0.02195444677343719,
    0.02149770237680037,
    0.020972237472605425,
    0.020382138595171476,
    0.01947744529936575,
    0.017877975993936805,
    0.015299123888710749,
    0.012294389031493535,
    0.006679425225555845,
    0.004221517775914299,
    0.0023533831824690994,
    0.0019951434713834093,
    0.0013150999134230567,
    0.0011416417424528727,
    0.0011143347873844144,
    0.0011072671738927536
  ],
  "best_so_far": [
    0.1496600141479783,
    0.03519987170293767,
    0.03519987170293767,
    0.03519987170293767,
    0.03519987170293767,
    0.028879114851052483,
    0.0288516736389596,
    0.0288516736389596,
    0.028791499368806803,
    0.028791499368806803,
    0.02879076807518499,
    0.028790768075184985,
    0.028790768075184985,
    0.028790768075184985,
    0.028790768075184985,
    0.028790768075184985,
    0.028780465861316665,
    0.028780465861316665,
    0.028769396721277485,
    0.028749718547591407,
    0.028741431209632066,
    0.028741431209632066,
    0.028741277116362887,
    0.028738556313150206,
    0.028705399531313583,
    0.02870539411745817,
    0.02867584504513708,
    0.028673281388441066,
    0.028673281388441062,
    0.02865705234152591,
    0.028655675981265862,
    0.028655675981265862,
    0.02862881684741842,
    0.02862881684741842,
    0.028592099586631586,
    0.028556319943349964,
    0.028556319943349964,
    0.02851887306621578,
    0.02851881373523573,
    0.028508280756384653,
    0.028494495867175822,
    0.028480528814427402,
    0.02843812735416809,
    0.028304892349517538,
    0.02808943461031379,
    0.027751793716861328,
    0.02730132480983198,
    0.026800838349239076,
    0.026800838349239076,
    0.026628294663072982,
    0.02659811664061685,
    0.02659811664061685,
    0.026546348711913484,
    0.02654193439024001,
    0.026379162633514957,
    0.02623002391125941,
    0.02623002391125941,
    0.026148745004735574,
    0.026080741148983597,
    0.025885596128476088,
    0.025403129159841754,
    0.025123010068834176,
    0.02509899062404076,
    0.024988870037588828,
    0.02487806032506692,
    0.02487806032506692,
    0.02456021378573891,
    0.024352438421026554,
    0.02385768271858999,
    0.02352571000893209,
    0.023307400617961046,
    0.022909661622113178,
    0.022717672588734306,
    0.022383618259142646,
    0.02195444677343719,
    0.02149770237680037,
    0.020972237472605425,
    0.020382138595171476,
    0.01947744529936575,
    0.017877975993936805,
    0.015299123888710749,
    0.012294389031493535,
    0.006679425225555845,
    0.004221517775914299,
    0.0023533831824690994,
    0.0019951434713834093,
    0.0013150999134230567,
    0.0011416417424528727,
    0.0011143347873844144,
    0.0011072671738927536
  ],
  "best_idx": [
    0,
    1,
    5,
    6,
    8,
    10,
    16,
    18,
    19,
    20,
    22,
    23,
    24,
    25,
    26,
    27,
    29,
    30,
    32,
    34,
    35,
    37,
    38,
    39,
    40,
    41,
    42,
    43,
    44,
    45,
    46,
    47,
    49,
    50,
    52,
    53,
    54,
    55,
    57,
    58,
    59,
    60,
    61,
    62,
    63,
    64,
    66,
    67,
    68,
    69,
    70,
    71,
    72,
    73,
    74,
    75,
    76,
    77,
    78,
    79,
    80,
    81,
    82,
    83,
    84,
    85,
    86,
    87,
    88,
    89
  ],
  "f_target": [
    0.6597267697049712,
    0.6596617545343562,
    0.6595967457703912,
    0.6595317434130762,
    0.6594667474616679,
    0.6594017579161665,
    0.6593367747743423,
    0.6592717980376815,
    1.0,
    0.9998505042306634,
    0.9997010308087922,
    0.9995515797336435,
    0.9994021510007577,
    0.9992527446071618,
    0.9991033605476535,
    0.9989539988222326
  ],
  "f_init_statevector": [
    0.011498373386575193,
    0.011498936853882678,
    0.011500396097218575,
    0.011509878195798072,
    0.011498166337150006,
    0.011498730089231713,
    0.011500190070063613,
    0.011509676960859498,
    0.011495310978541723,
    0.011495878657862219,
    0.011497348809287771,
    0.011506901788150845,
    0.011495410466101707,
    0.011495978008587754,
    0.011497447805645367,
    0.011506998481841264
  ],
  "f_star_statevector": [
    0.6335498895912903,
    0.634283271646813,
    0.6339203343645944,
    0.6329693778213427,
    0.6403834166481486,
    0.6410977934479329,
    0.6407442615170093,
    0.6398179485714085,
    0.9644528183254638,
    0.9642659004051672,
    0.964358402643911,
    0.9646007740218558,
    0.9528428062931658,
    0.9526881778839756,
    0.9527647006379243,
    0.9529652030859792
  ],
  "elapsed_time": 0.5740795000019716,
  "best_cost": 0.0011072671738927536,
  "C_q": 0.0001493779498163983,