{
  "t": [
    0.125,
    0.25,
    0.375,
    0.5
  ],
  "p_t": [
    0.9975283755255839,
    0.9950034301401063,
    0.9923105162180491,
    0.9895397229411652
  ],
  "q_t": [
    0.00019708755276215406,
    0.00019704870925862927,
    0.00019700987341075837,
    0.00019697104521698705
  ],
  "edges_list": [
    [
      3378.8226030589776,
      4547.94350845508,
      5717.064413851182,
      6886.185319247284,
      8055.306224643386
    ],
    [
      9474.598221153941,
      11812.478721946827,
      14150.359222739715,
      16488.239723532603,
      18826.12022432549
    ]
  ],
  "rep_list": [
    [
      3378.8226030589776,
      4547.94350845508,
      5717.064413851182,
      6886.185319247284
    ],
    [
      9474.598221153941,
      11812.478721946827,
      14150.359222739715,
      16488.239723532603
    ]
  ],
  "n_bins": [
    4,
    4
  ],
  "N_joint": 16,
  "P_joint_t": [
    [
      8e-05,
      0.00059,
      0.0,
      0.0,
      0.000735,
      0.371165,
      0.141375,
      1e-05,
      0.0,
      0.115615,
      0.362675,
      0.003855,
      0.0,
      5e-06,
      0.00314,
      0.000755
    ],
    [
      0.0027105149978495914,
      0.007571438573328933,
      9.001710324961742e-05,
      0.0,
      0.008121543093187706,
      0.3645992738620338,
      0.1361108610636021,
      0.00047509026715075866,
      6.001140216641162e-05,
      0.12049289364979346,
      0.3183104789910083,
      0.01676318500515098,
      0.0,
      0.00047008931697022435,
      0.01663816125063762,
      0.007586441423870535
    ],
    [
      0.010255484879926618,
      0.019032295253705457,
      0.0005664075226938944,
      0.0,
      0.020932016059908874,
      0.3410725653248322,
      0.1308401377422896,
      0.0016541104645042932,
      0.0004661584036330281,
      0.12205330245660466,
      0.2748279474494118,
      0.02915745627885295,
      0.0,
      0.001904733262156459,
      0.029618602226532936,
      0.017618782674947243
    ],
    [
      0.021311772889489284,
      0.03080831501905357,
      0.0013861725507591184,
      5.040627457305885e-06,
      0.03284976913926246,
      0.3136227997661149,
      0.12771941851321653,
      0.003523398592656814,
      0.0013458475311006713,
      0.12225537834949694,
      0.23841663810311106,
      0.037592999576587294,
      5.040627457305885e-06,
      0.00361412988688832,
      0.03985120067746033,
      0.0256920781498881
    ]
  ],
  "v_joint_t": [
    [
      0.0,
      0.0,
      0.0,
      0.0,
      0.0,
      0.0,
      510.0054221841374,
      599.2188985237427,
      0.0,
      3311.734570335535,
      4828.929283479291,
      4918.142759818897,
      3754.4012977743514,
      7988.187149031321,
      9505.381862175076,
      9594.595338514682
    ],
    [
      0.0,
      0.0,
      0.0,
      0.0,
      0.0,
      0.0,
      154.4292046034982,
      191.71679616081278,
      0.0,
      3354.173558555154,
      4830.912826187906,
      4868.200417745221,
      3634.715739343319,
      8030.657180139562,
      9507.396447772315,
      9544.684039329628
    ],
    [
      0.0,
      0.0,
      0.0,
      0.0,
      0.0,
      0.0,
      0.0,
      0.0,
      0.0,
      0.0,
      0.0,
      0.0,
      0.0,
      0.0,
      0.0,
      0.0
    ],
    [
      0.0,
      0.0,
      0.0,
      0.0,
      0.0,
      0.0,
      0.0,
      0.0,
      0.0,
      0.0,
      0.0,
      0.0,
      0.0,
      0.0,
      0.0,
      0.0
    ]
  ],
  "p_target": [
    2e-05,
    0.0001475,
    0.0,
    0.0,
    0.00018375,
    0.09279125,
    0.03534375,
    2.5e-06,
    0.0,
    0.02890375,
    0.09066875,
    0.00096375,
    0.0,
    1.25e-06,
    0.000785,
    0.00018875,
    0.0006776287494623978,
    0.0018928596433322332,
    2.2504275812404356e-05,
    0.0,
    0.0020303857732969265,
    0.09114981846550844,
    0.034027715265900524,
    0.00011877256678768967,
    1.5002850541602905e-05,
    0.030123223412448365,
    0.07957761974775207,
    0.004190796251287745,
    0.0,
    0.00011752232924255609,
    0.004159540312659405,
    0.0018966103559676338,
    0.0025638712199816545,
    0.004758073813426364,
    0.0001416018806734736,
    0.0,
    0.0052330040149772186,
    0.08526814133120805,
    0.0327100344355724,
    0.0004135276161260733,
    0.00011653960090825702,
    0.030513325614151165,
    0.06870698686235295,
    0.007289364069713237,
    0.0,
    0.0004761833155391147,
    0.007404650556633234,
    0.004404695668736811,
    0.005327943222372321,
    0.007702078754763393,
    0.0003465431376897796,
    1.2601568643264713e-06,
    0.008212442284815614,
    0.07840569994152873,
    0.03192985462830413,
    0.0008808496481642035,
    0.00033646188277516783,
    0.030563844587374236,
    0.059604159525777765,
    0.009398249894146823,
    1.2601568643264713e-06,
    0.00090353247172208,
    0.009962800169365082,
    0.006423019537472025
  ],
  "w_t": [
    0.25,
    0.25,
    0.25,
    0.25
  ],
  "C_p": 0.9975283755255839,
  "C_q": 0.00019708755276215406,
  "C_v": 9594.595338514682,
  "cva_mc_continuous": 1.0905349423731814,
  "cva_std_err_mc_continuous": 0.000980329399868266,
  "cva_limit": 1.0811248672478813,
  "grid_sizes": [
    1,
    2,
    3,
    4,
    5,
    6
  ],
  "cva_by_grid_size_values": [
    0.4036157944202089,
    0.5215900006813697,
    0.79678574362191,
    0.9433380237359139,
    1.0170081501152284,
    1.0537408318368655
  ],
  "S0": [
    5716.61,
    14214.7206132457
  ],
  "K": [
    4500.0,
    12500.0
  ],
  "sigma": [
    [
      0.20247762864079588,
      0.16561045264414925
    ],
    [
      0.1878203953248956,
      0.15057499424349505
    ],
    [
      0.1895670346266534,
      0.152960822201541
    ],
    [
      0.18713593438804257,
      0.152960822201541
    ]
  ],
  "mu": [
    0.00012859211231065065,
    -0.00902980788768935
  ],
  "r": 0.022600792112310652,
  "T": 0.5,
  "rho": [
    [
      1.0,
      0.6881452527896151
    ],
    [
      0.6881452527896151,
      1.0
    ]
  ],
  "R_cva": 0.415,
  "R_cds": 0.4,
  "LGD": 0.585,
  "M": 4,
  "n_bits_small": [
    2,
    2
  ],
  "n_sigma": 3.0
}