{
  "t": [
    0.125,
    0.25,
    0.375,
    0.5
  ],
  "p_t": [
    0.9975283755255839,
    0.9950034301401063,
    0.9923105162180491,
    0.9895397229411652
  ],
  "q_t": [
    0.00019708755276215406,
    0.00019704870925862927,
    0.00019700987341075837,
    0.00019697104521698705
  ],
  "edges_list": [
    [
      3384.7612093787625,
      4550.771989623889,
      5716.782769869014,
      6882.793550114141,
      8048.804330359268
    ],
    [
      9463.350580249398,
      11807.066417373479,
      14150.782254497557,
      16494.498091621637,
      18838.213928745718
    ]
  ],
  "rep_list": [
    [
      3384.7612093787625,
      4550.771989623889,
      5716.782769869014,
      6882.793550114141
    ],
    [
      9463.350580249398,
      11807.066417373479,
      14150.782254497557,
      16494.498091621637
    ]
  ],
  "n_bins": [
    4,
    4
  ],
  "N_joint": 16,
  "P_joint_t": [
    [
      8.5e-05,
      0.000585,
      5e-06,
      0.0,
      0.00076,
      0.37113,
      0.141715,
      3e-05,
      0.0,
      0.116095,
      0.36185,
      0.00351,
      0.0,
      2e-05,
      0.00322,
      0.000995
    ],
    [
      0.0029208324372446146,
      0.007782217932110652,
      4.501282865616701e-05,
      0.0,
      0.008127316285141266,
      0.3648639862360773,
      0.13533357006746924,
      0.0005201482422490409,
      5.501567946864856e-05,
      0.12015424395952846,
      0.318370735659663,
      0.01657972522168818,
      0.0,
      0.0003951126070930215,
      0.01682479506659398,
      0.00802728777701645
    ],
    [
      0.01065312424801476,
      0.019280901580171653,
      0.0004963102590839817,
      0.0,
      0.020689620598379723,
      0.33934085987005697,
      0.13212380685008424,
      0.0019401219218737468,
      0.0005614823133071309,
      0.12324035453597497,
      0.2744345070987407,
      0.028806047966631908,
      0.0,
      0.0018799631025908398,
      0.029001564129301355,
      0.01755133552578808
    ],
    [
      0.02123637756696541,
      0.030360005242305404,
      0.0016180577258475902,
      5.040678273668505e-06,
      0.03330880203240148,
      0.3126531106025627,
      0.12770558406339158,
      0.004037583297208472,
      0.0016130170475739216,
      0.12277076003347011,
      0.23867107557993003,
      0.03776476162632444,
      5.040678273668505e-06,
      0.00414847821922918,
      0.038561188793564065,
      0.025541116812678313
    ]
  ],
  "v_joint_t": [
    [
      0.0,
      0.0,
      0.0,
      0.0,
      0.0,
      0.0,
      516.8130237529208,
      605.9777322715722,
      0.0,
      3303.254335581276,
      4827.8645853430535,
      4917.029293861705,
      3718.3945080956946,
      7967.266316044055,
      9491.876565805833,
      9581.041274324485
    ],
    [
      0.0,
      0.0,
      0.0,
      0.0,
      0.0,
      0.0,
      165.77812160695976,
      203.03188019478966,
      0.0,
      3345.0797872208313,
      4829.821242587463,
      4867.0750011752925,
      3598.6582011817954,
      8009.122908201338,
      9493.86436356797,
      9531.118122155798
    ],
    [
      0.0,
      0.0,
      0.0,
      0.0,
      0.0,
      0.0,
      0.0,
      0.0,
      0.0,
      0.0,
      0.0,
      0.0,
      0.0,
      0.0,
      0.0,
      0.0
    ],
    [
      0.0,
      0.0,
      0.0,
      0.0,
      0.0,
      0.0,
      0.0,
      0.0,
      0.0,
      0.0,
      0.0,
      0.0,
      0.0,
      0.0,
      0.0,
      0.0
    ]
  ],
  "p_target": [
    2.125e-05,
    0.00014625,
    1.25e-06,
    0.0,
    0.00019,
    0.0927825,
    0.03542875,
    7.5e-06,
    0.0,
    0.02902375,
    0.0904625,
    0.0008775,
    0.0,
    5e-06,
    0.000805,
    0.00024875,
    0.0007302081093111536,
    0.001945554483027663,
    1.1253207164041752e-05,
    0.0,
    0.0020318290712853164,
    0.09121599655901932,
    0.03383339251686731,
    0.00013003706056226023,
    1.375391986716214e-05,
    0.030038560989882116,
    0.07959268391491575,
    0.004144931305422045,
    0.0,
    9.877815177325538e-05,
    0.004206198766648495,
    0.0020068219442541126,
    0.00266328106200369,
    0.004820225395042913,
    0.00012407756477099543,
    0.0,
    0.005172405149594931,
    0.08483521496751424,
    0.03303095171252106,
    0.0004850304804684367,
    0.00014037057832678272,
    0.030810088633993742,
    0.06860862677468517,
    0.007201511991657977,
    0.0,
    0.00046999077564770995,
    0.007250391032325339,
    0.00438783388144702,
    0.005309094391741352,
    0.007590001310576351,
    0.00040451443146189754,
    1.2601695684171262e-06,
    0.00832720050810037,
    0.07816327765064067,
    0.031926396015847895,
    0.001009395824302118,
    0.0004032542618934804,
    0.030692690008367527,
    0.05966776889498251,
    0.00944119040658111,
    1.2601695684171262e-06,
    0.001037119554807295,
    0.009640297198391016,
    0.006385279203169578
  ],
  "w_t": [
    0.25,
    0.25,
    0.25,
    0.25
  ],
  "C_p": 0.9975283755255839,
  "C_q": 0.00019708755276215406,
  "C_v": 9581.041274324485,
  "cva_mc_continuous": 1.0905349423731814,
  "cva_std_err_mc_continuous": 0.000980329399868266,
  "cva_limit": 1.089941917907214,
  "grid_sizes": [
    1,
    2,
    3,
    4,
    5,
    6,
    7,
    8,
    9,
    10
  ],
  "cva_by_grid_size_values": [
    0.4036157944202089,
    0.5215900006813697,
    0.79678574362191,
    0.9433380237359139,
    1.0170081501152284,
    1.0537408318368655,
    1.072029084997185,
    1.0811248672478813,
    1.0856747985600914,
    1.0879519007415703
  ],
  "S0": [
    5716.61,
    14214.7206132457
  ],
  "K": [
    4500.0,
    12500.0
  ],
  "sigma": [
    [
      0.20247762864079588,
      0.16561045264414925
    ],
    [
      0.1878203953248956,
      0.15057499424349505
    ],
    [
      0.1895670346266534,
      0.152960822201541
    ],
    [
      0.18713593438804257,
      0.152960822201541
    ]
  ],
  "mu": [
    0.00012859211231065065,
    -0.00902980788768935
  ],
  "r": 0.022600792112310652,
  "T": 0.5,
  "rho": [
    [
      1.0,
      0.6881452527896151
    ],
    [
      0.6881452527896151,
      1.0
    ]
  ],
  "R_cva": 0.415,
  "R_cds": 0.4,
  "LGD": 0.585,
  "M": 4,
  "n_bits_small": [
    2,
    2
  ],
  "n_sigma": 3.0
}