{
  "theta_star": [
    -2.670526662582973,
    0.020745836720365615,
    3.129507049051393,
    -3.182671055648218,
    -0.4694065216143024,
    -0.09131522287418825
  ],
  "theta_last": [
    -2.6279912169231885,
    0.02668772385592936,
    3.120232322911414,
    -3.2168331432770447,
    -0.5106049780569203,
    -0.09405643580823303
  ],
  "theta_init": [
    0.030471707975443137,
    -0.10399841062404956,
    0.07504511958064573,
    0.0940564716391214,
    -0.19510351886538366,
    -0.13021795068623182
  ],
  "cost_history": [
    0.4506328538261216,
    0.1569425691162468,
    0.0002461780252276158,
    0.0001597839158096807,
    0.0001245265309985216,
    0.0001219310355150184,
    0.000115264020940825,
    0.00010148051226304083,
    9.030681540658345e-05,
    8.82487372840464e-05,
    8.546811027664012e-05,
    9.071211165801954e-05,
    8.422173160502658e-05,
    8.384746506563987e-05,
    8.384853650139385e-05,
    8.202980186165264e-05,
    8.355961611774919e-05,
    8.202980186165264e-05,
    8.170671399132837e-05,
    8.111366571159295e-05,
    8.141114862342734e-05,
    7.70660134861682e-05,
    7.70732072207125e-05,
    7.678056111542353e-05,
    7.706198264267353e-05,
    7.707166278967015e-05,
    7.759520980253184e-05,
    7.707935354746428e-05,
    7.681414805216463e-05,
    7.701493279397488e-05,
    7.673893677721176e-05,
    7.618762665667098e-05,
    7.619917837308192e-05,
    7.648399624966129e-05,
    7.481458956915419e-05,
    7.483035028371954e-05,
    7.505805494027404e-05,
    7.475304881953904e-05,
    7.420057284537857e-05,
    7.33023396065277e-05,
    7.302610569432554e-05,
    7.222381169603206e-05,
    7.24803888827926e-05,
    7.22074531967837e-05,
    7.219530904810625e-05,
    7.192584135640296e-05,
    7.193670894553059e-05,
    7.253104349049785e-05,
    7.192584135640296e-05,
    7.192584135640296e-05,
    7.219530904810625e-05,
    7.219530904810625e-05,
    7.162058986926913e-05,
    7.162402086509782e-05,
    7.135124632113241e-05,
    7.135124632113241e-05,
    7.135124632113241e-05,
    7.135124632113241e-05,
    7.108046535418477e-05,
    7.108046535418477e-05,
    7.108046535418477e-05,
    7.108046535418477e-05,
    7.135701999474371e-05,
    7.108046535418477e-05,
    7.108046535418477e-05,
    7.108046535418477e-05,
    7.079628081298194e-05,
    7.081334005748171e-05,
    7.079628081298194e-05,
    7.079628081298194e-05
  ],
  "best_so_far": [
    0.4506328538261216,
    0.1569425691162468,
    0.0002461780252276158,
    0.0001597839158096807,
    0.0001245265309985216,
    0.0001219310355150184,
    0.000115264020940825,
    0.00010148051226304083,
    9.030681540658345e-05,
    8.82487372840464e-05,
    8.546811027664012e-05,
    8.546811027664012e-05,
    8.422173160502658e-05,
    8.384746506563987e-05,
    8.384746506563987e-05,
    8.202980186165264e-05,
    8.202980186165264e-05,
    8.202980186165264e-05,
    8.170671399132837e-05,
    8.111366571159295e-05,
    8.111366571159295e-05,
    7.70660134861682e-05,
    7.70660134861682e-05,
    7.678056111542353e-05,
    7.678056111542353e-05,
    7.678056111542353e-05,
    7.678056111542353e-05,
    7.678056111542353e-05,
    7.678056111542353e-05,
    7.678056111542353e-05,
    7.673893677721176e-05,
    7.618762665667098e-05,
    7.618762665667098e-05,
    7.618762665667098e-05,
    7.481458956915419e-05,
    7.481458956915419e-05,
    7.481458956915419e-05,
    7.475304881953904e-05,
    7.420057284537857e-05,
    7.33023396065277e-05,
    7.302610569432554e-05,
    7.222381169603206e-05,
    7.222381169603206e-05,
    7.22074531967837e-05,
    7.219530904810625e-05,
    7.192584135640296e-05,
    7.192584135640296e-05,
    7.192584135640296e-05,
    7.192584135640296e-05,
    7.192584135640296e-05,
    7.192584135640296e-05,
    7.192584135640296e-05,
    7.162058986926913e-05,
    7.162058986926913e-05,
    7.135124632113241e-05,
    7.135124632113241e-05,
    7.135124632113241e-05,
    7.135124632113241e-05,
    7.108046535418477e-05,
    7.108046535418477e-05,
    7.108046535418477e-05,
    7.108046535418477e-05,
    7.108046535418477e-05,
    7.108046535418477e-05,
    7.108046535418477e-05,
    7.108046535418477e-05,
    7.079628081298194e-05,
    7.079628081298194e-05,
    7.079628081298194e-05,
    7.079628081298194e-05
  ],
  "best_idx": [
    0,
    1,
    2,
    3,
    4,
    5,
    6,
    7,
    8,
    9,
    10,
    12,
    13,
    15,
    18,
    19,
    21,
    23,
    30,
    31,
    34,
    37,
    38,
    39,
    40,
    41,
    43,
    44,
    45,
    52,
    54,
    58,
    66
  ],
  "f_target": [
    1.0,
    0.9998029124468776,
    0.9996058637376789,
    0.9994088538645177
  ],
  "f_init_shots": [
    0.015803452855245682,
    0.014425622022233986,
    0.015140495867768595,
    0.014282799428688023
  ],
  "f_last_shots": [
    0.9907745403862747,
    0.9909301555776233,
    0.9911275905449248,
    0.9911035653650254
  ],
  "f_star_shots": [
    0.9909760467122288,
    0.9912588570293358,
    0.991459216101695,
    0.9915104591143711
  ],
  "f_statevector_under_noise": [
    0.9908421262193908,
    0.9908627425014898,
    0.9913279491592745,
    0.9915093058008423
  ],
  "baseline_l2_statevector_under_noise": 7.368000505291588e-05,
  "elapsed_time": 444.51172219996806,
  "best_cost": 7.079628081298194e-05,
  "final_cost": 7.617346323403685e-05,
  "C_q": 0.00019708755276215406,
  "n_iters": 70,
  "shots": 60000,
  "resamplings": 3,
  "theta_seed": 42,
  "shot_seed": 355,
  "transpile_optimization_level": 3,
  "seed_transpiler": 1234,
  "backend_name": "ibm_basquecountry",
  "requested_topology": "crca2",
  "effective_topology": "crca2",
  "chosen_layout": [
    97,
    108,
    107
  ],
  "layout_score": 21.619859993598382,
  "fallback_used": false,
  "tried_layout_search": [],
  "transpiled_ansatz_depth": 6,
  "transpiled_ansatz_size": 6,
  "transpiled_ansatz_ops": {
    "rx": 2,
    "rz": 2,
    "rzz": 2
  },
  "transpiled_eval_depth": 7,
  "transpiled_eval_size": 12,
  "transpiled_eval_ops": {
    "rz": 6,
    "sx": 2,
    "rx": 2,
    "rzz": 2
  },
  "transpiled_eval_meas_depth": 7,
  "transpiled_eval_meas_size": 14,
  "transpiled_eval_meas_ops": {
    "rz": 5,
    "measure": 3,
    "sx": 2,
    "rx": 2,
    "rzz": 2
  },
  "noise_snapshot_iso_utc": "2026-04-07T12:10:00+00:00",
  "backend_props_last_update": "2026-04-07 12:42:52+02:00",
  "simulator_seed": 20260407,
  "simulator_method": "density_matrix",
  "noise_basis_gates": [
    "cz",
    "id",
    "measure",
    "reset",
    "rx",
    "rz",
    "rzz",
    "sx",
    "x"
  ],
  "used_noise_fallback": false,
  "snapshot_t1_chosen_layout": [
    0.00023476707813052246,
    0.00020054150269114648,
    0.00020205568243025096
  ],
  "snapshot_t2_chosen_layout": [
    0.00034986863484455353,
    0.0001523382144461137,
    0.000281748890107067
  ],
  "snapshot_readout_error_chosen_layout": [
    0.0101318359375,
    0.0074462890625,
    0.0030517578125
  ],
  "statevector_training_path": "C:\\Users\\guilb\\Desktop\\Quantum-CVA\\data\\multi_asset\\6q_instance\\quantum\\training\\crca\\default_probabilities\\training_crca2.npz",
  "metadata": {
    "model": "CRCA",
    "task": "default_probability",
    "ansatz_type": "native_tree",
    "native_1q_order": [
      "rx",
      "rz"
    ],
    "m_time": 2,
    "n_price": 0,
    "n_controls": 2,
    "n_layers": 1,
    "n_parameters": 6,
    "optimizer": "SPSA",
    "optimizer_library": "qiskit-algorithms",
    "maxiter": 70,
    "resamplings": 3,
    "second_order": true,
    "blocking": true,
    "trust_region": true,
    "cost_function": "L2",
    "shots": 60000,
    "stochastic_cost": true,
    "shot_seed": 355,
    "best_iter_cost_observed": 7.079628081298194e-05,
    "final_l2_cost": 7.617346323403685e-05,
    "stopping_criterion": "maxiter",
    "backend_name": "ibm_basquecountry",
    "requested_topology": "crca2",
    "effective_topology": "crca2",
    "layout_score": 21.619859993598382,
    "fallback_used": false,