{
  "theta_star": [
    -0.01278721056435286,
    -0.6671234751247886,
    0.9401621580932875,
    0.5961248210016237,
    -3.1044248760615325,
    -0.2981396673987345
  ],
  "theta_last": [
    -0.012797625459956696,
    -0.6671403728273625,
    0.9401608130800104,
    0.596112631897868,
    -3.104446307658676,
    -0.2981783494479316
  ],
  "theta_init": [
    0.15235853987721568,
    -0.5199920531202478,
    0.3752255979032286,
    0.47028235819560693,
    -0.9755175943269182,
    -0.651089753431159
  ],
  "cost_history": [
    0.3784621109559842,
    0.07293182705592696,
    0.07293182705592696,
    0.036948116600483895,
    0.008155524998503253,
    0.003435646331635467,
    0.003435646331635467,
    0.002241804793289365,
    3.4514534584637415e-06,
    3.4514534584637415e-06,
    3.4514534584637415e-06,
    5.936308336108068e-07,
    1.7666558594277777e-07,
    3.7631279491258166e-08,
    3.7631279491258166e-08,
    3.7631279491258166e-08,
    3.7631279491258166e-08,
    3.599776839790436e-08,
    3.599776839790436e-08,
    3.446774932265153e-08,
    3.3348720167731674e-08,
    3.1718827597697016e-08,
    3.0676521967326e-08,
    3.0414046672727316e-08,
    3.027399942772337e-08,
    3.027399942772337e-08,
    2.992463872258896e-08,
    2.992463872258896e-08,
    2.992115308047278e-08,
    2.986774981681565e-08,
    2.9711546883015313e-08,
    2.9692285901287952e-08,
    2.9692285901287952e-08,
    2.967426654248224e-08,
    2.9640419061540044e-08,
    2.9640419061540044e-08,
    2.9640419061540044e-08,
    2.9640419061540044e-08,
    2.9635125211445364e-08,
    2.9625396168293336e-08,
    2.962034414082518e-08,
    2.961638525149844e-08,
    2.961638525149844e-08,
    2.9607185658453388e-08,
    2.960231794563384e-08,
    2.960119819384717e-08,
    2.9601006724533772e-08,
    2.9601006724533772e-08,
    2.959722153128683e-08,
    2.959338963767008e-08,
    2.9589391523077577e-08,
    2.9586243528821508e-08,
    2.9584736307085275e-08,
    2.958106815987893e-08,
    2.9576865999831078e-08,
    2.956947819722954e-08,
    2.955615415750819e-08,
    2.9547925660374345e-08,
    2.9544494353047943e-08,
    2.953155751582225e-08,
    2.9531124726045734e-08,
    2.9526998044592992e-08,
    2.952604972288284e-08,
    2.9523442192906368e-08,
    2.9523442192906368e-08,
    2.9520455101906407e-08,
    2.9519687896456696e-08,
    2.9514715758845133e-08,
    2.950985147840446e-08,
    2.9503746429116697e-08,
    2.9495646987564635e-08,
    2.948057849810166e-08,
    2.948057849810166e-08,
    2.948050582499058e-08,
    2.9477231562787587e-08,
    2.947690557952958e-08,
    2.947634860019874e-08,
    2.947559382724996e-08,
    2.9470751169244657e-08,
    2.9467123234851043e-08,
    2.9465347965727152e-08,
    2.9458191439873943e-08,
    2.9458191439873943e-08,
    2.9457181569261544e-08,
    2.9454158964095138e-08,
    2.9451296224115778e-08,
    2.9446640016748366e-08,
    2.943784359084443e-08,
    2.942651295746331e-08,
    2.941135003653306e-08,
    2.9409318206220472e-08,
    2.9384386387075377e-08,
    2.9371729174718998e-08,
    2.9339351812773226e-08,
    2.9324608127360675e-08,
    2.9241033952341292e-08,
    2.9231077677980365e-08,
    2.9231077677980365e-08,
    2.9225857380723635e-08,
    2.9218851493750722e-08,
    2.9218851493750722e-08,
    2.9214893798648162e-08,
    2.9213377357311187e-08,
    2.9213004915141036e-08,
    2.9208680617774898e-08,
    2.9208218906428895e-08,
    2.920473429000995e-08,
    2.9200841321314636e-08,
    2.919616282506312e-08,
    2.9190368864167263e-08,
    2.918855151483444e-08,
    2.9184297132522262e-08
  ],
  "best_so_far": [
    0.3784621109559842,
    0.07293182705592696,
    0.07293182705592696,
    0.036948116600483895,
    0.008155524998503253,
    0.003435646331635467,
    0.003435646331635467,
    0.002241804793289365,
    3.4514534584637415e-06,
    3.4514534584637415e-06,
    3.4514534584637415e-06,
    5.936308336108068e-07,
    1.7666558594277777e-07,
    3.7631279491258166e-08,
    3.7631279491258166e-08,
    3.7631279491258166e-08,
    3.7631279491258166e-08,
    3.599776839790436e-08,
    3.599776839790436e-08,
    3.446774932265153e-08,
    3.3348720167731674e-08,
    3.1718827597697016e-08,
    3.0676521967326e-08,
    3.0414046672727316e-08,
    3.027399942772337e-08,
    3.027399942772337e-08,
    2.992463872258896e-08,
    2.992463872258896e-08,
    2.992115308047278e-08,
    2.986774981681565e-08,
    2.9711546883015313e-08,
    2.9692285901287952e-08,
    2.9692285901287952e-08,
    2.967426654248224e-08,
    2.9640419061540044e-08,
    2.9640419061540044e-08,
    2.9640419061540044e-08,
    2.9640419061540044e-08,
    2.9635125211445364e-08,
    2.9625396168293336e-08,
    2.962034414082518e-08,
    2.961638525149844e-08,
    2.961638525149844e-08,
    2.9607185658453388e-08,
    2.960231794563384e-08,
    2.960119819384717e-08,
    2.9601006724533772e-08,
    2.9601006724533772e-08,
    2.959722153128683e-08,
    2.959338963767008e-08,
    2.9589391523077577e-08,
    2.9586243528821508e-08,
    2.9584736307085275e-08,
    2.958106815987893e-08,
    2.9576865999831078e-08,
    2.956947819722954e-08,
    2.955615415750819e-08,
    2.9547925660374345e-08,
    2.9544494353047943e-08,
    2.953155751582225e-08,
    2.9531124726045734e-08,
    2.9526998044592992e-08,
    2.952604972288284e-08,
    2.9523442192906368e-08,
    2.9523442192906368e-08,
    2.9520455101906407e-08,
    2.9519687896456696e-08,
    2.9514715758845133e-08,
    2.950985147840446e-08,
    2.9503746429116697e-08,
    2.9495646987564635e-08,
    2.948057849810166e-08,
    2.948057849810166e-08,
    2.948050582499058e-08,
    2.9477231562787587e-08,
    2.947690557952958e-08,
    2.947634860019874e-08,
    2.947559382724996e-08,
    2.9470751169244657e-08,
    2.9467123234851043e-08,
    2.9465347965727152e-08,
    2.9458191439873943e-08,
    2.9458191439873943e-08,
    2.9457181569261544e-08,
    2.9454158964095138e-08,
    2.9451296224115778e-08,
    2.9446640016748366e-08,
    2.943784359084443e-08,
    2.942651295746331e-08,
    2.941135003653306e-08,
    2.9409318206220472e-08,
    2.9384386387075377e-08,
    2.9371729174718998e-08,
    2.9339351812773226e-08,
    2.9324608127360675e-08,
    2.9241033952341292e-08,
    2.9231077677980365e-08,
    2.9231077677980365e-08,
    2.9225857380723635e-08,
    2.9218851493750722e-08,
    2.9218851493750722e-08,
    2.9214893798648162e-08,
    2.9213377357311187e-08,
    2.9213004915141036e-08,
    2.9208680617774898e-08,
    2.9208218906428895e-08,
    2.920473429000995e-08,
    2.9200841321314636e-08,
    2.919616282506312e-08,
    2.9190368864167263e-08,
    2.918855151483444e-08,
    2.9184297132522262e-08
  ],
  "best_idx": [
    0,
    1,
    3,
    4,
    5,
    7,
    8,
    11,
    12,
    13,
    17,
    19,
    20,
    21,
    22,
    23,
    24,
    26,
    28,
    29,
    30,
    31,
    33,
    34,
    38,
    39,
    40,
    41,
    43,
    44,
    45,
    46,
    48,
    49,
    50,
    51,
    52,
    53,
    54,
    55,
    56,
    57,
    58,
    59,
    60,
    61,
    62,
    63,
    65,
    66,
    67,
    68,
    69,
    70,
    71,
    73,
    74,
    75,
    76,
    77,
    78,
    79,
    80,
    81,
    83,
    84,
    85,
    86,
    87,
    88,
    89,
    90,
    91,
    92,
    93,
    94,
    95,
    96,
    98,
    99,
    101,
    102,
    103,
    104,
    105,
    106,
    107,
    108,
    109,
    110,
    111
  ],
  "f_target": [
    1.0,
    0.9998029124468776,
    0.9996058637376789,
    0.9994088538645177
  ],
  "f_init_statevector": [
    0.1633455342303689,
    0.16563390786081328,
    0.17156023921292574,
    0.21006927791351312
  ],
  "f_star_statevector": [
    0.9997671758886051,
    0.9997399525760996,
    0.9998391122479309,
    0.9994733620719034
  ],
  "elapsed_time": 0.4119805999998789,
  "best_cost": 2.9184297132522262e-08,
  "C_q": 0.00019708755276215406,
  "n_iters": 150,
  "rhobeg": 0.4,
  "theta_seed": 42,