{
  "final_statevector_cva": {
    "cva_classical_reference": 0.9601056744561046,
    "cva_statevector": 0.9737957855852104,
    "default_l2_statevector": 0.0004554739067278678,
    "default_n_params": 6,
    "discount_l2_statevector": 0.009859537587022932,
    "discount_n_params": 6,
    "exposure_l2_statevector": 0.3654729446964537,
    "exposure_n_params": 40,
    "p111_statevector": 0.18583491308027592,
    "qcbm_kl_statevector": 0.1130642781112419,
    "qcbm_n_params": 51,
    "relative_error_statevector_pct": 1.4258962834337137,
    "stage_elapsed_s": 0.5175117000471801
  }
}