scope,n,mean_abs_rel_error_pct,std_abs_rel_error_pct,stderr_abs_rel_error_pct,median_abs_rel_error_pct,max_abs_rel_error_pct,mean_signed_rel_error_pct,std_signed_rel_error_pct,stderr_signed_rel_error_pct,rmse_rel_error_pct,mean_abs_error,std_abs_error,stderr_abs_error,max_abs_error
all_successful_runs,7,36.55104103139339,34.8899873533123,13.187175683293285,27.479866633074142,104.90233071542502,24.62858067437969,45.47847220791204,17.18924678132826,48.778973087703,0.14823329224058884,0.09086100076687972,0.03434223027194468,0.2638357588771145
case:base,1,12.44360662821459,0.0,0.0,12.44360662821459,12.44360662821459,12.44360662821459,0.0,0.0,12.44360662821459,0.06490460789689145,0.0,0.0,0.06490460789689145
case:both_down_10pct,1,27.479866633074142,0.0,0.0,27.479866633074142,27.479866633074142,-27.479866633074142,0.0,0.0,27.479866633074142,0.2638357588771145,0.0,0.0,0.2638357588771145
case:both_up_10pct,1,104.90233071542502,0.0,0.0,104.90233071542502,104.90233071542502,104.90233071542502,0.0,0.0,104.90233071542502,0.24340521606574472,0.0,0.0,0.24340521606574472
case:call_down_10pct,1,14.248744616473779,0.0,0.0,14.248744616473779,14.248744616473779,-14.248744616473779,0.0,0.0,14.248744616473779,0.11568546519903122,0.0,0.0,0.11568546519903122
case:call_up_10pct,1,53.04317315969822,0.0,0.0,53.04317315969822,53.04317315969822,53.04317315969822,0.0,0.0,53.04317315969822,0.16524537505878267,0.0,0.0,0.16524537505878267
case:put_down_10pct,1,2.273196714335549,0.0,0.0,2.273196714335549,2.273196714335549,2.273196714335549,0.0,0.0,2.273196714335549,0.013037091091594122,0.0,0.0,0.013037091091594122
case:put_up_10pct,1,41.4663687525324,0.0,0.0,41.4663687525324,41.4663687525324,41.4663687525324,0.0,0.0,41.4663687525324,0.17151953149496313,0.0,0.0,0.17151953149496313
