,.SSMI bin 0,.SSMI bin 1,.SSMI bin 2,.SSMI bin 3
.STOXX50E bin 0,0.0027105149978495914,0.007571438573328933,9.001710324961742e-05,0.0
.STOXX50E bin 1,0.008121543093187706,0.3645992738620338,0.1361108610636021,0.00047509026715075866
.STOXX50E bin 2,6.001140216641162e-05,0.12049289364979346,0.3183104789910083,0.01676318500515098
.STOXX50E bin 3,0.0,0.00047008931697022435,0.01663816125063762,0.007586441423870535
