time qubits,asset qubits,total qubits,grid size,CVA^tab_Δ,CVA^cont_MC,absolute error,relative error,MC standard error / confidence interval
2,2,4,4,0.4036157944202089,1.0905349423731814,0.6869191479529725,0.629891919334675,0.000980329; 95% CI ± 0.00192145
2,4,6,16,0.5215900006813697,1.0905349423731814,0.5689449416918116,0.5217117944462145,0.000980329; 95% CI ± 0.00192145
2,6,8,64,0.79678574362191,1.0905349423731814,0.29374919875127137,0.26936248196873486,0.000980329; 95% CI ± 0.00192145
2,8,10,256,0.9433380237359139,1.0905349423731814,0.14719691863726747,0.13497680167582987,0.000980329; 95% CI ± 0.00192145
2,10,12,1024,1.0170081501152284,1.0905349423731814,0.073526792257953,0.06742268349324666,0.000980329; 95% CI ± 0.00192145
2,12,14,4096,1.0537408318368655,1.0905349423731814,0.03679411053631587,0.0337395062795933,0.000980329; 95% CI ± 0.00192145
