underlying,.STOXX50E,.SSMI
.STOXX50E,1.0,0.6881452527896151
.SSMI,0.6881452527896151,1.0
