algorithm,n,median_final_queries,median_final_mnae
BAE,200,16016.0,0.0034480408240795497
BIQAE,200,15616.0,0.047796211273672354
CABIQAE,200,30976.0,0.0027441641423814
