algorithm,n,median_final_mnae,median_final_queries
BAE,200,0.00667624123492345,16144.0
BIQAE,200,0.054192881048060346,20480.0
CABIQAE,200,0.0045720187865208005,31808.0
