algorithm,n,median_runtime_seconds,median_final_mnae
BAE,200,42.03706975001842,0.0034480408240795497
BIQAE,200,1.6728886000346392,0.047796211273672354
CABIQAE,200,4.672645000042394,0.0027441641423814
