{
  "t": [
    0.12777777777777777,
    0.25555555555555554,
    0.3833333333333333,
    0.5111111111111111
  ],
  "p_t": [
    0.9974477070966551,
    0.9949019283923747,
    0.9923626472610146,
    0.9898298471188658
  ],
  "q_t": [
    0.00020388709016772033,
    0.00020384552022212343,
    0.00020380395875230217,
    0.0002037624057560361
  ],
  "edges": [
    2.32088812149165,
    3.686136035829012,
    5.0513839501663735,
    6.416631864503737,
    7.781879778841098
  ],
  "s_rep": [
    2.32088812149165,
    3.686136035829012,
    5.0513839501663735,
    6.416631864503737
  ],
  "P_s_t": [
    [
      0.0003454001381600553,
      0.5516189206475682,
      0.4455442282176913,
      0.0024914509965803986
    ],
    [
      0.0084409753609218,
      0.5329559017137456,
      0.4358542034715007,
      0.02274891945383189
    ],
    [
      0.026193089477020422,
      0.5122289107042314,
      0.4128408033572763,
      0.04873719646147189
    ],
    [
      0.0473995703282504,
      0.4914329007018576,
      0.39013208847082687,
      0.07103544049906517
    ]
  ],
  "v_s_t": [
    [
      0.0,
      0.0,
      0.0,
      0.958637304568156
    ],
    [
      0.0,
      0.0,
      0.0,
      0.944671258345676
    ],
    [
      0.0,
      0.0,
      0.0,
      0.9306694754721336
    ],
    [
      0.0,
      0.0,
      0.0,
      0.9166318645037368
    ]
  ],
  "C_p": 0.9974487045443621,
  "C_q": 0.00020388729405481048,
  "C_v": 0.9586382632054605,
  "cva_mc_continuous": 5.7163852982384955e-05,
  "cva_std_err_mc_continuous": 2.6722918218820074e-08,
  "cva_limit": 5.4669380984105905e-05,
  "grid_sizes": [
    1,
    2,
    3,
    4,
    5,
    6,
    7,
    8,
    9,
    10,
    11,
    12,
    13,
    14
  ],
  "cva_by_grid_size_values": [
    0.0,
    1.588297297609202e-05,
    3.1151867821032484e-05,
    3.918388653191278e-05,
    4.630877308030282e-05,
    5.0153127133556475e-05,
    5.237132485090975e-05,
    5.3501877908753596e-05,
    5.408277085879818e-05,
    5.437528686963423e-05,
    5.452226013759953e-05,
    5.4595898243710134e-05,
    5.4632768758970796e-05,
    5.465121700304455e-05
  ],
  "S0": 5.0,
  "K": 5.5,
  "sigma": 0.25,
  "mu": 0.02,
  "r": 0.02,
  "T": 0.5111111111111111,
  "R_cva": 0.415,
  "R_cds": 0.4125,
  "LGD": 0.585,
  "M": 4,
  "n_bins": 2,
  "n_sigma": 3.0
}