{
  "cva_classical_reference": 0.5215900006813697,
  "cva_statevector": 0.6441347938882317,
  "default_l2_statevector": 0.0004554739067278678,
  "default_n_params": 6,
  "discount_l2_statevector": 0.009859537587022932,
  "discount_n_params": 6,
  "exposure_l2_statevector": 0.475767603916489,
  "exposure_n_params": 40,
  "p111_statevector": 0.14593174763261518,
  "qcbm_kl_statevector": 0.1130642781112419,
  "qcbm_n_params": 51,
  "relative_error_statevector_pct": 23.494467502593565
}