scope,n,mean_abs_rel_error_pct,std_abs_rel_error_pct,stderr_abs_rel_error_pct,median_abs_rel_error_pct,max_abs_rel_error_pct,mean_signed_rel_error_pct,std_signed_rel_error_pct,stderr_signed_rel_error_pct,rmse_rel_error_pct,mean_abs_error,std_abs_error,stderr_abs_error,max_abs_error
all_successful_runs,7,23.44211939699561,18.306777897624993,6.919311660572799,22.71532287980428,54.14725112378226,23.44211939699561,18.306777897624993,6.919311660572799,28.92739540573659,0.09103511461562988,0.0504776530491619,0.01907875953346909,0.168684908676425
case:base,1,23.494467502593565,0.0,0.0,23.494467502593565,23.494467502593565,23.494467502593565,0.0,0.0,23.494467502593565,0.12254479320686196,0.0,0.0,0.12254479320686196
case:both_down_10pct,1,1.4258962834337137,0.0,0.0,1.4258962834337137,1.4258962834337137,1.4258962834337137,0.0,0.0,1.4258962834337137,0.013690111129105786,0.0,0.0,0.013690111129105786
case:both_up_10pct,1,38.718537848644935,0.0,0.0,38.718537848644935,38.718537848644935,38.718537848644935,0.0,0.0,38.718537848644935,0.08983874816246928,0.0,0.0,0.08983874816246928
case:call_down_10pct,1,5.544598057937633,0.0,0.0,5.544598057937633,5.544598057937633,5.544598057937633,0.0,0.0,5.544598057937633,0.04501655569940999,0.0,0.0,0.04501655569940999
case:call_up_10pct,1,54.14725112378226,0.0,0.0,54.14725112378226,54.14725112378226,54.14725112378226,0.0,0.0,54.14725112378226,0.168684908676425,0.0,0.0,0.168684908676425
case:put_down_10pct,1,18.0487620827729,0.0,0.0,18.0487620827729,18.0487620827729,18.0487620827729,0.0,0.0,18.0487620827729,0.10351209549077633,0.0,0.0,0.10351209549077633
case:put_up_10pct,1,22.71532287980428,0.0,0.0,22.71532287980428,22.71532287980428,22.71532287980428,0.0,0.0,22.71532287980428,0.09395858994436079,0.0,0.0,0.09395858994436079
