scope,n,mean_abs_rel_error_pct,std_abs_rel_error_pct,stderr_abs_rel_error_pct,median_abs_rel_error_pct,max_abs_rel_error_pct,mean_signed_rel_error_pct,std_signed_rel_error_pct,stderr_signed_rel_error_pct,rmse_rel_error_pct,mean_abs_error,std_abs_error,stderr_abs_error,max_abs_error
all_successful_runs,7,36.551041031393325,34.88998735331223,13.187175683293258,27.479866633074174,104.90233071542482,24.62858067437961,45.47847220791199,17.18924678132824,48.77897308770291,0.1482332922405887,0.09086100076687978,0.034342230271944704,0.26383575887711486
case:base,1,12.44360662821459,0.0,0.0,12.44360662821459,12.44360662821459,12.44360662821459,0.0,0.0,12.44360662821459,0.06490460789689145,0.0,0.0,0.06490460789689145
case:both_down_10pct,1,27.479866633074174,0.0,0.0,27.479866633074174,27.479866633074174,-27.479866633074174,0.0,0.0,27.479866633074174,0.26383575887711486,0.0,0.0,0.26383575887711486
case:both_up_10pct,1,104.90233071542482,0.0,0.0,104.90233071542482,104.90233071542482,104.90233071542482,0.0,0.0,104.90233071542482,0.24340521606574428,0.0,0.0,0.24340521606574428
case:call_down_10pct,1,14.248744616473836,0.0,0.0,14.248744616473836,14.248744616473836,-14.248744616473836,0.0,0.0,14.248744616473836,0.11568546519903167,0.0,0.0,0.11568546519903167
case:call_up_10pct,1,53.04317315969808,0.0,0.0,53.04317315969808,53.04317315969808,53.04317315969808,0.0,0.0,53.04317315969808,0.16524537505878223,0.0,0.0,0.16524537505878223
case:put_down_10pct,1,2.2731967143354717,0.0,0.0,2.2731967143354717,2.2731967143354717,2.2731967143354717,0.0,0.0,2.2731967143354717,0.013037091091593678,0.0,0.0,0.013037091091593678
case:put_up_10pct,1,41.46636875253231,0.0,0.0,41.46636875253231,41.46636875253231,41.46636875253231,0.0,0.0,41.46636875253231,0.1715195314949628,0.0,0.0,0.1715195314949628
