algorithm,job_id,n_circuits,run_id,run_uuid,sampler_call_index_for_algorithm,shots,submitted_at_epoch
bae,d7iume0e2irs73b060i0,1,20260420_110033,616f312c-fac9-409a-b00a-d164b16e5181,0,100,1776675640.3534234
cabiqae,d7iun81hfsqc738i6j7g,1,20260420_110033,616f312c-fac9-409a-b00a-d164b16e5181,0,16,1776675744.386926
cabiqae,d7iun9d4surc73c7c1hg,1,20260420_110033,616f312c-fac9-409a-b00a-d164b16e5181,1,16,1776675749.4586313
cabiqae,d7iunaphfsqc738i6jbg,1,20260420_110033,616f312c-fac9-409a-b00a-d164b16e5181,2,16,1776675755.2124958
cabiqae,d7iunc8e2irs73b061g0,1,20260420_110033,616f312c-fac9-409a-b00a-d164b16e5181,3,16,1776675761.5987747
cabiqae,d7iundge2irs73b061i0,1,20260420_110033,616f312c-fac9-409a-b00a-d164b16e5181,4,16,1776675766.9821467
cabiqae,d7iunf1hfsqc738i6jgg,1,20260420_110033,616f312c-fac9-409a-b00a-d164b16e5181,5,16,1776675772.4235985
cabiqae,d7iung8e2irs73b061mg,1,20260420_110033,616f312c-fac9-409a-b00a-d164b16e5181,6,16,1776675777.602038
cabiqae,d7iunhl4surc73c7c1q0,1,20260420_110033,616f312c-fac9-409a-b00a-d164b16e5181,7,16,1776675782.7091086
cabiqae,d7iunj0e2irs73b061q0,1,20260420_110033,616f312c-fac9-409a-b00a-d164b16e5181,8,16,1776675788.750031
cabiqae,d7iunkhhfsqc738i6jn0,1,20260420_110033,616f312c-fac9-409a-b00a-d164b16e5181,9,16,1776675794.2116597
