{
  "theta_star": [
    -0.14033426007007896,
    -0.759612644306442,
    0.7724971408455868,
    0.5832075002584198,
    -3.084463358589629,
    -0.3042079653782094
  ],
  "theta_last": [
    -0.14033426007007896,
    -0.759612644306442,
    0.7724971408455868,
    0.5832075002584198,
    -3.084463358589629,
    -0.3042079653782094
  ],
  "theta_init": [
    0.15235853987721568,
    -0.5199920531202478,
    0.3752255979032286,
    0.47028235819560693,
    -0.9755175943269182,
    -0.651089753431159
  ],
  "cost_history": [
    0.37398211973939255,
    0.07095237169198607,
    0.07095237169198607,
    0.035672887813825715,
    0.007508478357576693,
    0.003101087643285845,
    0.003101087643285845,
    0.0019584137593629727,
    1.0394103327921834e-05,
    1.0394103327921834e-05,
    9.830170819772544e-06,
    9.52972211861363e-06,
    8.204303053043697e-06,
    6.692535956517314e-06,
    6.4114011127819825e-06,
    6.2654117909522945e-06,
    6.215767244670176e-06,
    5.98644916121653e-06,
    5.98644916121653e-06,
    5.98644916121653e-06,
    5.564661899925352e-06,
    5.564661899925352e-06,
    5.45702269938419e-06,
    5.450299565312484e-06,
    5.3581669790419065e-06,
    5.3581669790419065e-06,
    5.011557165506167e-06,
    4.723863942701987e-06,
    4.723863942701987e-06,
    4.713564688823511e-06,
    4.713564688823511e-06,
    4.6933586523943e-06,
    4.690152696349846e-06,
    4.690152696349846e-06,
    4.67107748719455e-06,
    4.67107748719455e-06,
    4.67107748719455e-06,
    4.665422389035511e-06,
    4.659013118101213e-06,
    4.649672659125435e-06,
    4.6424617136231074e-06,
    4.635654131531566e-06,
    4.635654131531566e-06,
    4.635654131531566e-06,
    4.6259455673595645e-06,
    4.6237264517487574e-06,
    4.621730018286498e-06,
    4.621730018286498e-06,
    4.618133903793241e-06,
    4.61641900327661e-06,
    4.611650274439567e-06,
    4.6077590845497375e-06,
    4.603230532012823e-06,
    4.600923994798692e-06,
    4.5971180234842515e-06,
    4.5925619963255585e-06,
    4.587757299364916e-06,
    4.5773454543735095e-06,
    4.556104418436572e-06,
    4.514565871271451e-06,
    4.433728639683525e-06,
    4.433728639683525e-06,
    4.433728639683525e-06,
    4.431365436627526e-06,
    4.4198719109265835e-06,
    4.4198719109265835e-06,
    4.412055617271947e-06,
    4.412055617271947e-06,
    4.408075343425833e-06,
    4.403129886095153e-06,
    4.3977164514269596e-06,
    4.391681426911745e-06,
    4.381316356318638e-06,
    4.360766303333113e-06,
    4.338500743630099e-06,
    4.294424798183111e-06,
    4.221653203053857e-06,
    4.221653203053857e-06,
    4.221653203053857e-06,
    4.221653203053857e-06,
    4.216678205617973e-06,
    4.2091263912559e-06,
    4.1996081976081396e-06,
    4.193718664617749e-06,
    4.189967994065283e-06,
    4.178043309696952e-06,
    4.168998894588659e-06,
    4.162775170135031e-06,
    4.152678412095363e-06,
    4.134393330171966e-06,
    4.102733954858258e-06,
    4.034301828043779e-06,
    3.989265271491888e-06,
    3.966459821474149e-06,
    3.89768066181817e-06,
    3.89768066181817e-06,
    3.894002823903999e-06,
    3.894002823903999e-06,
    3.876376370160065e-06,
    3.866834039476679e-06,
    3.864519181781539e-06,
    3.863107812221509e-06,
    3.859748229734766e-06,
    3.859748229734766e-06,
    3.852753867964681e-06,
    3.846278623377384e-06,
    3.835344420122568e-06,
    3.819615977585043e-06,
    3.801877497817209e-06,
    3.7859444019018754e-06,
    3.7528046099329873e-06,
    3.7409575492790583e-06,
    3.7225910185314886e-06,
    3.7190297606739145e-06
  ],
  "best_so_far": [
    0.37398211973939255,
    0.07095237169198607,
    0.07095237169198607,
    0.035672887813825715,
    0.007508478357576693,
    0.003101087643285845,
    0.003101087643285845,
    0.0019584137593629727,
    1.0394103327921834e-05,
    1.0394103327921834e-05,
    9.830170819772544e-06,
    9.52972211861363e-06,
    8.204303053043697e-06,
    6.692535956517314e-06,
    6.4114011127819825e-06,
    6.2654117909522945e-06,
    6.215767244670176e-06,
    5.98644916121653e-06,
    5.98644916121653e-06,
    5.98644916121653e-06,
    5.564661899925352e-06,
    5.564661899925352e-06,
    5.45702269938419e-06,
    5.450299565312484e-06,
    5.3581669790419065e-06,
    5.3581669790419065e-06,
    5.011557165506167e-06,
    4.723863942701987e-06,
    4.723863942701987e-06,
    4.713564688823511e-06,
    4.713564688823511e-06,
    4.6933586523943e-06,
    4.690152696349846e-06,
    4.690152696349846e-06,
    4.67107748719455e-06,
    4.67107748719455e-06,
    4.67107748719455e-06,
    4.665422389035511e-06,
    4.659013118101213e-06,
    4.649672659125435e-06,
    4.6424617136231074e-06,
    4.635654131531566e-06,
    4.635654131531566e-06,
    4.635654131531566e-06,
    4.6259455673595645e-06,
    4.6237264517487574e-06,
    4.621730018286498e-06,
    4.621730018286498e-06,
    4.618133903793241e-06,
    4.61641900327661e-06,
    4.611650274439567e-06,
    4.6077590845497375e-06,
    4.603230532012823e-06,
    4.600923994798692e-06,
    4.5971180234842515e-06,
    4.5925619963255585e-06,
    4.587757299364916e-06,
    4.5773454543735095e-06,
    4.556104418436572e-06,
    4.514565871271451e-06,
    4.433728639683525e-06,
    4.433728639683525e-06,
    4.433728639683525e-06,
    4.431365436627526e-06,
    4.4198719109265835e-06,
    4.4198719109265835e-06,
    4.412055617271947e-06,
    4.412055617271947e-06,
    4.408075343425833e-06,
    4.403129886095153e-06,
    4.3977164514269596e-06,
    4.391681426911745e-06,
    4.381316356318638e-06,
    4.360766303333113e-06,
    4.338500743630099e-06,
    4.294424798183111e-06,
    4.221653203053857e-06,
    4.221653203053857e-06,
    4.221653203053857e-06,
    4.221653203053857e-06,
    4.216678205617973e-06,
    4.2091263912559e-06,
    4.1996081976081396e-06,
    4.193718664617749e-06,
    4.189967994065283e-06,
    4.178043309696952e-06,
    4.168998894588659e-06,
    4.162775170135031e-06,
    4.152678412095363e-06,
    4.134393330171966e-06,
    4.102733954858258e-06,
    4.034301828043779e-06,
    3.989265271491888e-06,
    3.966459821474149e-06,
    3.89768066181817e-06,
    3.89768066181817e-06,
    3.894002823903999e-06,
    3.894002823903999e-06,
    3.876376370160065e-06,
    3.866834039476679e-06,
    3.864519181781539e-06,
    3.863107812221509e-06,
    3.859748229734766e-06,
    3.859748229734766e-06,
    3.852753867964681e-06,
    3.846278623377384e-06,
    3.835344420122568e-06,
    3.819615977585043e-06,
    3.801877497817209e-06,
    3.7859444019018754e-06,
    3.7528046099329873e-06,
    3.7409575492790583e-06,
    3.7225910185314886e-06,
    3.7190297606739145e-06
  ],
  "best_idx": [
    0,
    1,
    3,
    4,
    5,
    7,
    8,
    10,
    11,
    12,
    13,
    14,
    15,
    16,
    17,
    20,
    22,
    23,
    24,
    26,
    27,
    29,
    31,
    32,
    34,
    37,
    38,
    39,
    40,
    41,
    44,
    45,
    46,
    48,
    49,
    50,
    51,
    52,
    53,
    54,
    55,
    56,
    57,
    58,
    59,
    60,
    63,
    64,
    66,
    68,
    69,
    70,
    71,
    72,
    73,
    74,
    75,
    76,
    80,
    81,
    82,
    83,
    84,
    85,
    86,
    87,
    88,
    89,
    90,
    91,
    92,
    93,
    94,
    96,
    98,
    99,
    100,
    101,
    102,
    104,
    105,
    106,
    107,
    108,
    109,
    110,
    111,
    112,
    113
  ],
  "f_target": [
    1.0,
    0.9974687984347841,
    0.9947692121491927,
    0.9919915535433169
  ],
  "f_init_statevector": [
    0.1633455342303689,
    0.16563390786081328,
    0.17156023921292574,
    0.21006927791351312
  ],
  "f_star_statevector": [
    0.9975815342026623,
    0.9966033388529288,
    0.9976382016455634,
    0.9922083972928065
  ],
  "elapsed_time": 0.3224560999951791,
  "best_cost": 3.7190297606739145e-06,
  "C_p": 0.9975283755255839,
  "n_iters": 150,
  "rhobeg": 0.4,
  "theta_seed": 42,
  "backend_name": "ibm_basquecountry",