{
  "t": [
    0.12777777777777777,
    0.25555555555555554,
    0.3833333333333333,
    0.5111111111111111
  ],
  "p_t": [
    0.9974477070966551,
    0.9949019283923747,
    0.9923626472610146,
    0.9898298471188658
  ],
  "q_t": [
    0.00020388709016772033,
    0.00020384552022212343,
    0.00020380395875230217,
    0.0002037624057560361
  ],
  "edges_list": [
    [
      2.3208881214916506,
      3.6861360358290125,
      5.051383950166374,
      6.416631864503737,
      7.781879778841098
    ]
  ],
  "rep_list": [
    [
      2.3208881214916506,
      3.6861360358290125,
      5.051383950166374,
      6.416631864503737
    ]
  ],
  "n_bins": [
    4
  ],
  "N_joint": 4,
  "P_joint_t": [
    [
      0.0003454001381600553,
      0.5516189206475682,
      0.4455442282176913,
      0.0024914509965803986
    ],
    [
      0.0084409753609218,
      0.5329559017137456,
      0.4358542034715007,
      0.02274891945383189
    ],
    [
      0.026193089477020426,
      0.5122289107042315,
      0.41284080335727635,
      0.0487371964614719
    ],
    [
      0.0473995703282504,
      0.4914329007018576,
      0.39013208847082687,
      0.07103544049906517
    ]
  ],
  "v_joint_t": [
    [
      0.0,
      0.0,
      0.0,
      0.958637304568156
    ],
    [
      0.0,
      0.0,
      0.0,
      0.944671258345676
    ],
    [
      0.0,
      0.0,
      0.0,
      0.9306694754721336
    ],
    [
      0.0,
      0.0,
      0.0,
      0.9166318645037368
    ]
  ],
  "p_target": [
    8.635003454001382e-05,
    0.13790473016189206,
    0.11138605705442282,
    0.0006228627491450996,
    0.00211024384023045,
    0.1332389754284364,
    0.10896355086787518,
    0.005687229863457973,
    0.0065482723692551065,
    0.12805722767605787,
    0.10321020083931909,
    0.012184299115367975,
    0.0118498925820626,
    0.1228582251754644,
    0.09753302211770672,
    0.017758860124766292
  ],
  "w_t": [
    0.25,
    0.25,
    0.25,
    0.25
  ],
  "C_p": 0.9974477070966551,
  "C_q": 0.00020388709016772033,
  "C_v": 0.958637304568156,
  "cva_mc_continuous": 5.716385298238491e-05,
  "cva_std_err_mc_continuous": 2.672291821882005e-08,
  "cva_limit": 5.4669380984105986e-05,
  "grid_sizes": [
    1,
    2,
    3,
    4,
    5,
    6,
    7,
    8,
    9,
    10,
    11,
    12,
    13,
    14
  ],
  "cva_by_grid_size_values": [
    0.0,
    1.588297297609202e-05,
    3.1151867821032484e-05,
    3.91838865319128e-05,
    4.630877308030284e-05,
    5.015312713355652e-05,
    5.23713248509098e-05,
    5.3501877908753643e-05,
    5.4082770858798236e-05,
    5.4375286869634276e-05,
    5.4522260137599576e-05,
    5.459589824371019e-05,
    5.4632768758970844e-05,
    5.46512170030446e-05
  ],
  "S0": 5.0,
  "K": 5.5,
  "sigma": 0.25,
  "mu": 0.02,
  "r": 0.02,
  "T": 0.5111111111111111,
  "R_cva": 0.415,
  "R_cds": 0.4125,
  "LGD": 0.585,
  "M": 4,
  "n_bits": 2,
  "n_sigma": 3.0
}